gen,bestIsSolutionB4start,dynamicConstraintsB4,currentOperator,sumDiff/AC,improvedChromes,affectedChromes,diversity,bestBeforeOpStarts
3,false,[1/80],interRaceX,3996392.44,64,100,399639.2440000057,5.63786976E8
4,false,[1/80],interRaceX,5923108.7,67,100,991950.1139999985,5.42377368E8
5,false,[5/80],interRaceX,6565342.91,67,100,934830.0049999952,5.42377368E8
6,false,[5/80],interRaceX,4638529.89,40,100,2312154.0919999955,5.42377368E8
7,false,[5/80],interRaceX,4709898.37,31,100,499501.52400000097,5.42377368E8
8,false,[5/80],mutationInterRaceXCOP,0.04772582359291846,49,100,1698464.6700000048,5.35241052E8
8,false,[5/80],mutationInterRaceXCOP,0.04973038926254958,41,54,1698464.6700000048,5.35241048E8
8,false,[5/80],interRaceX,5780385.54,38,100,2276503.224000001,5.42377368E8
9,false,[5/80],mutationKemp3,0.0,0,100,1705602.250999999,5.35240945E8
9,false,[5/80],mutationKemp3,0.0,0,76,1705602.250999999,5.35240945E8
9,false,[5/80],interRaceX,5637648.81,36,100,2269367.1320000053,5.42377368E8
10,false,[5/80],mutationKemp3,0.0,0,100,1669921.4669999958,5.35240945E8
10,false,[5/80],mutationKemp3,0.0,0,60,1669921.4669999958,5.35240945E8
10,false,[5/80],interRaceX,5637580.08,29,100,2233679.475,5.4237735E8
11,false,[5/80],mutationGroupSwap,0.019606801274931057,51,100,1577154.0289999961,5.35240945E8
11,false,[5/80],mutationGroupSwap,0.02378343074587974,47,64,1577154.0289999961,5.35240945E8
11,false,[5/80],interRaceX,6065825.84,34,100,2183736.6129999994,5.4237735E8
12,false,[5/80],mutationClusterMulti,0.0,0,100,1527198.775,5.35240932E8
12,false,[5/80],mutationClusterMulti,0.0,0,71,1527198.775,5.35240932E8
12,false,[5/80],interRaceX,6993544.68,39,100,627838.7570000052,5.4237735E8
13,false,[5/80],mutationClusterMulti,0.0,0,100,1598564.2610000013,5.35240932E8
13,false,[5/80],mutationClusterMulti,0.0,0,70,1598564.2610000013,5.35240932E8
13,false,[5/80],interRaceX,4638564.94,34,100,635114.9549999952,5.4237735E8
14,false,[5/80],crossoverKempe,0.0,0,100,1662790.9179999947,5.35240932E8
14,false,[5/80],crossoverKempe,0.0,0,64,1662790.9179999947,5.35240932E8
14,false,[5/80],interRaceX,6636614.94,38,100,2326452.4120000005,5.4237735E8
15,false,[5/80],interRaceX,0.0,0,100,1612835.5320000052,5.35240932E8
15,false,[5/80],interRaceX,0.0,0,65,1612835.5320000052,5.35240932E8
15,false,[5/80],interRaceX,6065815.51,39,100,635112.7169999958,5.4237735E8
17,false,[5/80],interRaceX,6279872.21,37,100,792117.6179999948,5.4237735E8
18,false,[5/80],interRaceX,6065789.3,32,100,2226550.7049999954,5.4237735E8
19,false,[5/80],interRaceX,7278949.77,31,100,585202.6450000048,5.4237735E8
20,false,[5/80],interRaceX,5851696.47,26,100,2083825.4570000053,5.4237735E8
21,false,[5/80],mutationKemp3,0.0,0,100,1484383.9379999996,5.35240932E8
21,false,[5/80],mutationKemp3,0.0,0,66,1484383.9379999996,5.35240932E8
21,false,[5/80],interRaceX,6708044.79,42,100,2155188.4169999957,5.4237735E8
22,false,[5/80],mutationKemp3,0.0,3,100,1527201.0070000053,5.35240932E8
22,false,[5/80],mutationKemp3,0.0,4,61,1527201.0070000053,5.35240932E8
22,false,[5/80],interRaceX,6850808.65,41,100,1498627.4720000029,5.4237735E8
23,false,[5/80],mutationKemp3,0.0,1,100,1555747.501999998,5.35240932E8
23,false,[5/80],mutationKemp3,0.0,9,61,1555747.501999998,5.35240932E8
23,false,[5/80],interRaceX,5994429.56,30,100,2155190.4580000043,5.4237735E8
24,false,[5/80],mutationKemp3,0.0,1,100,1555746.5860000015,5.35240932E8
24,false,[5/80],mutationKemp3,0.0,1,57,1555746.5860000015,5.35240932E8
24,false,[5/80],interRaceX,6565330.28,38,100,642239.7860000015,5.4237735E8
25,false,[5/80],mutationKemp3,0.0,0,100,1555747.9529999972,5.35240932E8
25,false,[5/80],mutationKemp3,0.0,0,60,1555747.9529999972,5.35240932E8
25,false,[5/80],interRaceX,5851741.91,34,100,2140922.144000006,5.4237735E8
26,false,[5/80],mutationKemp3,0.0,28,100,1570021.8100000024,5.35240932E8
26,false,[5/80],mutationKemp3,0.0,36,64,1570021.8100000024,5.35240932E8
26,false,[5/80],interRaceX,6922091.79,34,100,592350.7110000014,5.4237735E8
27,false,[5/80],mutationKemp3,0.0,2,100,1491521.2169999958,5.35240932E8
27,false,[5/80],mutationKemp3,0.0,3,57,1491521.2169999958,5.35240932E8
27,false,[5/80],interRaceX,7493019.16,28,100,613719.3669999957,5.4237735E8
28,false,[5/80],mutationKemp3,0.0,4,100,1470111.825,5.35240932E8
28,false,[5/80],mutationKemp3,0.0,3,60,1470111.825,5.35240932E8
28,false,[5/80],interRaceX,7635732.78,29,100,620737.9970000029,5.4237735E8
29,false,[5/80],mutationKemp3,0.0,1,100,1434430.1940000057,5.35240932E8
29,false,[5/80],mutationKemp3,0.0,0,62,1434430.1940000057,5.35240932E8
29,false,[5/80],interRaceX,6565351.61,37,100,1377310.9549999952,5.4237735E8
30,false,[5/80],mutationKemp3,0.0,4,100,1520068.6399999976,5.35240932E8
30,false,[5/80],mutationKemp3,0.0,3,62,1520068.6399999976,5.35240932E8
30,false,[5/80],interRaceX,6494002.3,36,100,2169468.870000005,5.42377347E8
31,false,[5/80],mutationClusterMulti,0.0,0,100,1541477.5809999944,5.35240932E8
31,false,[5/80],mutationClusterMulti,0.0,0,61,1541477.5809999944,5.35240932E8
31,false,[5/80],interRaceX,5637648.13,30,100,749306.2059999943,5.42377347E8
32,false,[5/80],mutationClusterMulti,0.0,0,100,1562887.3549999953,5.35240932E8
32,false,[5/80],mutationClusterMulti,0.0,0,56,1562887.3549999953,5.35240932E8
32,false,[5/80],interRaceX,6351292.66,35,100,2198016.621000004,5.42377347E8
33,false,[5/80],mutationClusterMulti,0.0,3,100,1627115.7019999982,5.35240932E8
33,false,[5/80],mutationClusterMulti,0.0,5,58,1627115.7019999982,5.35240932E8
33,false,[5/80],interRaceX,6708056.91,42,100,2297921.3929999946,5.42377347E8
34,false,[5/80],mutationClusterMulti,0.0,1,100,1669932.5320000052,5.35240932E8
34,false,[5/80],mutationClusterMulti,0.0,7,54,1669932.5320000052,5.35240932E8
34,false,[5/80],interRaceX,5922954.24,28,100,592296.0440000057,5.42377347E8
35,false,[5/80],mutationClusterMulti,0.0,2,100,1548613.4950000048,5.35240932E8
35,false,[5/80],mutationClusterMulti,0.0,1,57,1548613.4950000048,5.35240932E8
35,false,[5/80],interRaceX,6708053.92,31,100,2219418.8870000006,5.42377347E8
36,false,[5/80],mutationClusterMulti,0.0,3,100,1477249.2379999997,5.35240932E8
36,false,[5/80],mutationClusterMulti,0.0,2,56,1477249.2379999997,5.35240932E8
36,false,[5/80],interRaceX,6708049.94,28,100,706464.6679999948,5.42377347E8
37,false,[5/80],mutationClusterMulti,0.0,22,100,1462976.9110000015,5.35240932E8
37,false,[5/80],mutationClusterMulti,0.0,28,62,1462976.9110000015,5.35240932E8
37,false,[5/80],interRaceX,4638583.51,34,100,1926835.2620000006,5.42377347E8
38,false,[5/80],mutationClusterMulti,0.0,2,100,1584296.5350000022,5.35240932E8
38,false,[5/80],mutationClusterMulti,0.0,2,55,1584296.5350000022,5.35240932E8
38,false,[5/80],interRaceX,6137164.5,35,100,770713.7850000024,5.42377347E8
39,false,[5/80],mutationClusterMulti,0.0,5,100,1627115.0379999997,5.35240905E8
39,false,[5/80],mutationClusterMulti,0.0,4,58,1627115.0379999997,5.35240905E8
39,false,[5/80],interRaceX,4495826.02,31,100,777782.3600000024,5.42377347E8
42,false,[5/80],mutationInterRaceXCOP,0.01595465816440992,35,100,1619981.024000001,5.35240905E8
42,false,[5/80],mutationInterRaceXCOP,0.005830328160568644,20,61,1619981.024000001,5.35240905E8
42,false,[5/80],interRaceX,5994438.38,36,100,635059.0379999996,5.42377347E8
43,false,[5/80],mutationSinglePoint,0.0,0,100,1619979.2230000019,5.35240905E8
43,false,[5/80],mutationSinglePoint,0.0,0,66,1619979.2230000019,5.35240905E8
43,false,[5/80],interRaceX,5280836.44,39,100,2148062.866999996,5.42377347E8
44,false,[5/80],mutationChangeTrack,0.0,6,100,1605708.2409999967,5.35240905E8
44,false,[5/80],mutationChangeTrack,0.0,7,58,1605708.2409999967,5.35240905E8
44,false,[5/80],interRaceX,6208464.57,41,100,627773.7019999981,5.42377347E8
45,false,[5/80],interRaceX,4924018.47,39,100,692208.3429999948,5.42377347E8
46,false,[5/80],mutationKemp1,0.0,0,100,1719886.4429999948,5.35240905E8
46,false,[5/80],mutationKemp1,0.0,2,62,1719886.4429999948,5.35240905E8
46,false,[5/80],interRaceX,6208495.78,30,100,2340736.021000004,5.42377347E8
47,false,[5/80],mutationSwapCOP,0.0,0,100,1570021.927999997,5.35240905E8
47,false,[5/80],mutationSwapCOP,0.0,0,60,1570021.927999997,5.35240905E8
47,false,[5/80],interRaceX,7421660.56,30,100,542306.0159999967,5.42377347E8
48,false,[5/80],crossoverKempe,0.0,0,100,1484387.5460000038,5.35240905E8
48,false,[5/80],crossoverKempe,0.0,2,61,1484387.5460000038,5.35240905E8
48,false,[5/80],interRaceX,6065744.37,29,100,2090961.9830000042,5.42377347E8
49,false,[5/80],mutationGroupSwap,0.003294367693015374,16,100,1434433.2120000005,5.35240905E8
49,false,[5/80],mutationGroupSwap,0.003930844559950093,17,62,1434433.2120000005,5.35240905E8
49,false,[5/80],interRaceX,5637638.33,37,100,1284542.9450000047,5.42377347E8
50,false,[5/80],mutationKemp4,0.0,10,100,1512934.9690000056,5.35240905E8
50,false,[5/80],mutationKemp4,0.0,13,59,1512934.9690000056,5.35240905E8
50,false,[5/80],interRaceX,6279901.85,38,100,713642.6460000038,5.42377347E8
51,false,[5/80],interRaceX,0.0,0,100,1598570.299000001,5.35240905E8
51,false,[5/80],interRaceX,0.0,0,58,1598570.299000001,5.35240905E8
51,false,[5/80],interRaceX,4852648.43,28,100,2083835.1419999958,5.42377347E8
54,false,[5/80],mutationChangeTrack,0.0,20,100,1598570.174000001,5.35240905E8
54,false,[5/80],mutationChangeTrack,0.0,19,57,1598570.174000001,5.35240905E8
54,false,[5/80],interRaceX,5780385.45,37,100,749305.9190000057,5.42377347E8
59,false,[5/80],mutationInterRaceXCOP,0.011225646474340465,32,100,1662801.6519999981,5.35240905E8
59,false,[5/80],mutationInterRaceXCOP,0.0034966233591060907,20,62,1662801.6519999981,5.35240905E8
59,false,[5/80],interRaceX,6565285.2,36,100,1605675.772000003,5.42377347E8
60,false,[5/80],mutationKemp4,0.0,0,100,1719890.4350000024,5.35240905E8
60,false,[5/80],mutationKemp4,0.0,0,63,1719890.4350000024,5.35240905E8
60,false,[5/80],interRaceX,6922056.3,34,100,2412096.0649999976,5.42377347E8
61,false,[5/80],mutationSwapCOP,0.0,0,100,1584298.0529999973,5.35240905E8
61,false,[5/80],mutationSwapCOP,0.0,0,61,1584298.0529999973,5.35240905E8
61,false,[5/80],interRaceX,7064871.83,32,100,563778.1639999986,5.42377347E8
62,false,[5/80],interRaceX,0.0,0,100,1548616.4080000042,5.35240901E8
62,false,[5/80],interRaceX,0.0,0,54,1548616.4080000042,5.35240901E8
62,false,[5/80],interRaceX,5994466.67,37,100,706495.3250000001,5.42377347E8
63,false,[5/80],interRaceX,0.0,0,100,1634253.426999998,5.35240901E8
63,false,[5/80],interRaceX,0.0,0,59,1634253.426999998,5.35240901E8
63,false,[5/80],interRaceX,6351235.24,44,100,585104.6490000009,5.42377347E8
64,false,[5/80],interRaceX,5494888.31,37,100,2276514.192999995,5.42377347E8
65,false,[5/80],mutationKemp3,0.0,1,100,1591433.4049999951,5.35240901E8
65,false,[5/80],mutationKemp3,0.0,4,58,1591433.4049999951,5.35240901E8
65,false,[5/80],interRaceX,5423525.45,38,100,1420179.55,5.42377347E8
66,false,[5/80],mutationKemp2,0.0,12,100,1619980.0480000018,5.35240901E8
66,false,[5/80],mutationKemp2,0.0,12,60,1619980.0480000018,5.35240901E8
66,false,[5/80],interRaceX,5851701.65,36,100,2205150.2129999995,5.42377347E8
67,false,[5/80],mutationSinglePoint,0.0,0,100,1691342.2669999958,5.35240901E8
67,false,[5/80],mutationSinglePoint,0.0,0,59,1691342.2669999958,5.35240901E8
67,false,[5/80],interRaceX,5637598.52,30,100,599373.0809999943,5.42377347E8
68,false,[5/80],mutationKemp1,0.0,4,100,1541477.9000000001,5.35240901E8
68,false,[5/80],mutationKemp1,0.0,6,56,1541477.9000000001,5.35240901E8
68,false,[5/80],interRaceX,5709052.52,24,100,2112383.1519999984,5.42377347E8
69,false,[5/80],crossoverKempe,0.0,0,100,1541477.9000000001,5.35240901E8
69,false,[5/80],crossoverKempe,0.0,0,65,1541477.9000000001,5.35240901E8
69,false,[5/80],interRaceX,7421720.27,36,100,570901.4730000019,5.42377347E8
70,false,[5/80],mutationClusterMulti,0.0,9,100,1484387.7899999975,5.35240901E8
70,false,[5/80],mutationClusterMulti,0.0,16,59,1484387.7899999975,5.35240901E8
70,false,[5/80],interRaceX,7064878.1,39,100,663598.1970000028,5.42377347E8
71,false,[5/80],interRaceX,6279920.73,38,100,706518.9159999966,5.42377347E8
73,false,[5/80],interRaceX,0.0,0,100,1591434.1899999976,5.35240901E8
73,false,[5/80],interRaceX,0.0,0,63,1591434.1899999976,5.35240901E8
73,false,[5/80],interRaceX,6708056.31,34,100,592227.0789999962,5.42377347E8
74,false,[5/80],interRaceX,0.0,0,100,1577161.6919999958,5.35240901E8
74,false,[5/80],interRaceX,0.0,0,63,1577161.6919999958,5.35240901E8
74,false,[5/80],interRaceX,6137138.49,38,100,663674.3590000033,5.42377347E8
75,false,[5/80],interRaceX,0.0,0,100,1591433.5190000057,5.35240901E8
75,false,[5/80],interRaceX,0.0,0,62,1591433.5190000057,5.35240901E8
75,false,[5/80],interRaceX,6279897.08,36,100,635069.8960000038,5.42377347E8
76,false,[5/80],interRaceX,0.0,0,100,1591433.800999999,5.35240901E8
76,false,[5/80],interRaceX,0.0,0,59,1591433.800999999,5.35240901E8
76,false,[5/80],interRaceX,6850751.37,28,100,577964.4620000005,5.42377347E8
77,false,[5/80],interRaceX,0.0,0,100,1534342.1059999943,5.35240901E8
77,false,[5/80],interRaceX,0.0,0,62,1534342.1059999943,5.35240901E8
77,false,[5/80],interRaceX,7064813.74,33,100,613644.4200000048,5.42377347E8
78,false,[5/80],interRaceX,0.0,0,100,1470115.324000001,5.35240901E8
78,false,[5/80],interRaceX,0.0,0,67,1470115.324000001,5.35240901E8
78,false,[5/80],interRaceX,7493074.71,35,100,2219422.7950000046,5.42377347E8
79,false,[5/80],interRaceX,0.0,0,100,1448706.2759999991,5.35240901E8
79,false,[5/80],interRaceX,0.0,0,60,1448706.2759999991,5.35240901E8
79,false,[5/80],interRaceX,6137194.43,37,100,1348771.3190000057,5.42377347E8
82,false,[5/80],mutationSinglePoint,0.0,0,100,1520070.9029999971,5.35240901E8
82,false,[5/80],mutationSinglePoint,0.0,0,60,1520070.9029999971,5.35240901E8
82,false,[5/80],interRaceX,6351252.13,40,100,2155196.1159999967,5.42377347E8
83,false,[5/80],interRaceX,5994468.07,43,100,1413029.5330000042,5.42377347E8
84,false,[5/80],mutationClusterMulti,0.0,31,100,1641386.9889999987,5.35240901E8
84,false,[5/80],mutationClusterMulti,0.0,46,64,1641386.9889999987,5.35240901E8
84,false,[5/80],interRaceX,5708983.91,35,100,642286.8200000047,5.42377347E8
85,false,[5/80],mutationKemp5,0.0,14,100,1584297.3580000044,5.35240901E8
85,false,[5/80],mutationKemp5,0.0,16,62,1584297.3580000044,5.35240901E8
85,false,[5/80],interRaceX,6565342.51,41,100,2240831.6090000034,5.42377347E8
86,false,[5/80],interRaceX,6993444.81,28,100,2283640.6879999996,5.42377347E8
87,false,[5/80],crossoverKempe,0.0,0,100,1512932.2820000052,5.35240901E8
87,false,[5/80],crossoverKempe,0.0,0,61,1512932.2820000052,5.35240901E8
87,false,[5/80],interRaceX,6493945.28,30,100,692136.7899999976,5.42377347E8
88,false,[5/80],mutationChangeTrack,0.0,4,100,1448705.8899999976,5.35240901E8
88,false,[5/80],mutationChangeTrack,0.0,1,67,1448705.8899999976,5.35240901E8
88,false,[5/80],interRaceX,6850810.99,26,100,2133786.9889999987,5.42377347E8
89,false,[5/80],mutationInterRaceXCOP,0.0041126461216481405,16,100,1448707.2080000043,5.35240901E8
89,false,[5/80],mutationInterRaceXCOP,0.003840336464308498,17,63,1448707.2080000043,5.35240901E8
89,false,[5/80],interRaceX,7635839.35,42,100,2212291.1429999946,5.42377347E8
92,false,[5/80],crossoverKempe,0.0,0,100,1470116.9000000001,5.35240889E8
92,false,[5/80],crossoverKempe,0.0,0,58,1470116.9000000001,5.35240889E8
92,false,[5/80],interRaceX,6779451.82,41,100,2148062.082000005,5.42377347E8
93,false,[5/80],mutationClusterMulti,0.0,0,100,1520071.0580000044,5.35240889E8
93,false,[5/80],mutationClusterMulti,0.0,0,63,1520071.0580000044,5.35240889E8
93,false,[5/80],interRaceX,5637622.79,34,100,1370300.5370000005,5.42377347E8
94,false,[5/80],mutationChangeTrack,0.0,15,100,1570025.2669999956,5.35240889E8
94,false,[5/80],mutationChangeTrack,0.0,24,62,1570025.2669999956,5.35240889E8
94,false,[5/80],interRaceX,5566294.63,40,100,2126654.7299999953,5.42377347E8
95,false,[5/80],mutationKemp2,0.0,0,100,1612843.9389999986,5.35240889E8
95,false,[5/80],mutationKemp2,0.0,0,67,1612843.9389999986,5.35240889E8
95,false,[5/80],interRaceX,5780355.41,35,100,2190879.4799999953,5.42377347E8
96,false,[5/80],mutationKemp3,0.0,0,100,1619980.3590000034,5.35240889E8
96,false,[5/80],mutationKemp3,0.0,0,62,1619980.3590000034,5.35240889E8
96,false,[5/80],interRaceX,6208524.93,36,100,613587.7480000019,5.42377347E8
97,false,[5/80],interRaceX,6708059.95,31,100,2312194.228999996,5.42377347E8
98,false,[5/80],interRaceX,0.0,0,100,1598569.075,5.35240889E8
98,false,[5/80],interRaceX,0.0,0,62,1598569.075,5.35240889E8
98,false,[5/80],interRaceX,6922122.2,32,100,2290781.2950000046,5.42377347E8
99,false,[5/80],mutationKemp5,0.0,15,100,1548614.5919999958,5.35240889E8
99,false,[5/80],mutationKemp5,0.0,24,60,1548614.5919999958,5.35240889E8
99,false,[5/80],interRaceX,6993502.99,34,100,606619.5090000033,5.42377347E8
100,false,[5/80],mutationGroupSwap,0.006726886291289702,16,100,1505798.2639999986,5.35240889E8
100,false,[5/80],mutationGroupSwap,0.0029445625236803608,14,64,1505798.2639999986,5.35240889E8
100,false,[5/80],interRaceX,6708032.79,36,100,677610.4570000052,5.42377347E8
101,false,[5/80],mutationSwapCOP,0.0,0,100,1548617.4879999994,5.35240889E8
101,false,[5/80],mutationSwapCOP,0.0,0,61,1548617.4879999994,5.35240889E8
101,false,[5/80],interRaceX,6493974.33,41,100,1484360.521000004,5.42377347E8
102,false,[5/80],mutationKemp1,0.0,16,100,1598571.5139999986,5.35240889E8
102,false,[5/80],mutationKemp1,0.0,11,62,1598571.5139999986,5.35240889E8
102,false,[5/80],interRaceX,5994412.41,36,100,770712.1549999953,5.42377347E8
103,false,[5/80],mutationKemp4,0.0,0,100,1655661.9240000008,5.35240889E8
103,false,[5/80],mutationKemp4,0.0,0,65,1655661.9240000008,5.35240889E8
103,false,[5/80],interRaceX,6279823.77,39,100,2283644.300999999,5.42377347E8
106,false,[5/80],mutationChangeTrack,0.0,11,100,1627115.6960000037,5.35240889E8
106,false,[5/80],mutationChangeTrack,0.0,17,61,1627115.6960000037,5.35240889E8
106,false,[5/80],interRaceX,6208520.62,33,100,1534313.3580000044,5.42377347E8
107,false,[5/80],mutationSinglePoint,0.0,0,100,1591433.5659999966,5.35240889E8
107,false,[5/80],mutationSinglePoint,0.0,0,57,1591433.5659999966,5.35240889E8
107,false,[5/80],interRaceX,6565365.01,32,100,606519.3330000043,5.42377347E8
108,false,[5/80],mutationKemp4,0.0,0,100,1477253.076999998,5.35240889E8
108,false,[5/80],mutationKemp4,0.0,2,64,1477253.076999998,5.35240889E8
108,false,[5/80],interRaceX,7421710.68,33,100,635088.9549999952,5.42377347E8
109,false,[5/80],mutationKemp5,0.0,0,100,1448706.95,5.35240889E8
109,false,[5/80],mutationKemp5,0.0,0,59,1448706.95,5.35240889E8
109,false,[5/80],interRaceX,8135341.72,36,100,2262241.122000003,5.42377347E8
110,false,[5/80],crossoverKempe,0.0,0,100,1434434.8610000014,5.35240889E8
110,false,[5/80],crossoverKempe,0.0,0,61,1434434.8610000014,5.35240889E8
110,false,[5/80],interRaceX,6708105.13,36,100,2105245.374000001,5.42377347E8
111,false,[5/80],mutationInterRaceXCOP,0.00487070492352359,26,100,1477254.1,5.35240889E8
111,false,[5/80],mutationInterRaceXCOP,0.0023800035423846566,27,64,1477254.1,5.35240889E8
111,false,[5/80],interRaceX,6850806.85,38,100,2162334.785000002,5.42377347E8
112,false,[5/80],mutationGroupSwap,0.007229897272482049,16,100,1534346.8279999972,5.35240889E8
112,false,[5/80],mutationGroupSwap,0.0033390823609508635,10,61,1534346.8279999972,5.35240889E8
112,false,[5/80],interRaceX,6279895.42,39,100,692219.4299999953,5.42377347E8
113,false,[5/80],mutationKemp1,0.0,4,100,1591436.947000003,5.35240889E8
113,false,[5/80],mutationKemp1,0.0,5,62,1591436.947000003,5.35240889E8
113,false,[5/80],interRaceX,6137107.37,38,100,649401.8159999966,5.42377347E8
114,false,[5/80],mutationSwapCOP,0.0,0,100,1577163.0190000057,5.35240889E8
114,false,[5/80],mutationSwapCOP,0.0,0,60,1577163.0190000057,5.35240889E8
114,false,[5/80],interRaceX,6493946.9,40,100,628018.1909999966,5.42377347E8
115,false,[5/80],interRaceX,6208522.56,31,100,520970.0080000043,5.42377347E8
116,false,[5/80],interRaceX,6922140.91,32,100,570850.3039999962,5.42377347E8
117,false,[5/80],interRaceX,0.0,0,100,1512935.4350000024,5.35240889E8
117,false,[5/80],interRaceX,0.0,0,67,1512935.4350000024,5.35240889E8
117,false,[5/80],interRaceX,6208518.27,29,100,720647.0379999995,5.42377347E8
118,false,[5/80],mutationKemp3,0.0,12,100,1477252.9830000042,5.35240889E8
118,false,[5/80],mutationKemp3,0.0,23,56,1477252.9830000042,5.35240889E8
118,false,[5/80],interRaceX,6922129.21,37,100,685016.9960000038,5.42377347E8
119,false,[5/80],mutationKemp2,0.0,0,100,1512935.2639999986,5.35240889E8
119,false,[5/80],mutationKemp2,0.0,0,57,1512935.2639999986,5.35240889E8
119,false,[5/80],interRaceX,5708952.17,38,100,770655.6190000058,5.42377347E8
123,false,[5/80],mutationKemp2,0.0,0,100,1570027.4190000056,5.35240889E8
123,false,[5/80],mutationKemp2,0.0,0,59,1570027.4190000056,5.35240889E8
123,false,[5/80],interRaceX,5851737.41,37,100,699289.6399999976,5.42377347E8
124,false,[5/80],interRaceX,5780383.64,36,100,2162340.3120000004,5.35240906E8
125,false,[5/80],interRaceX,5066711.04,32,100,899075.5840000033,5.35240906E8
126,false,[5/80],interRaceX,4495745.46,34,100,499444.3879999995,5.28104393E8
127,false,[5/80],interRaceX,5138122.8,47,100,178396.32400000095,5.20968508E8
128,false,[5/80],interRaceX,6708013.14,60,100,449638.575,5.06696177E8
131,false,[10/80],crossoverKempe,0.0,0,100,3646659.8800000013,4.99561037E8
131,false,[10/80],crossoverKempe,0.0,0,95,3646659.8800000013,4.99561037E8
131,false,[10/80],interRaceX,8277785.5,67,100,192799.3300000012,5.06695951E8
132,false,[10/80],mutationKemp5,0.0,0,100,4331709.312999999,4.99560574E8
132,false,[10/80],mutationKemp5,0.0021333588062251887,1,89,4331709.312999999,4.99560574E8
132,false,[10/80],interRaceX,8848658.93,58,100,5216575.206,5.06695781E8
133,false,[10/80],mutationKemp5,0.0,0,100,5109525.917000002,4.99560375E8
133,false,[10/80],mutationKemp5,0.0,0,71,5109525.917000002,4.99560375E8
133,false,[10/80],interRaceX,6065588.34,36,100,5716084.750999999,5.06695659E8
134,false,[10/80],mutationKemp5,0.0012964930923772045,1,100,4688492.125999998,4.99559781E8
134,false,[10/80],mutationKemp5,4.7869336118015485E-5,1,74,4688492.125999998,4.99559781E8
134,false,[10/80],interRaceX,1.027592364E7,34,100,7179.589999997616,5.06695659E8
135,false,[10/80],mutationKemp5,0.0,0,100,4367363.086000001,4.99559781E8
135,false,[10/80],mutationKemp5,0.0,0,60,4367363.086000001,4.99559781E8
135,false,[10/80],interRaceX,1.113233799E7,39,100,941863.2149999976,5.06695659E8
136,false,[10/80],mutationKemp2,0.0,0,100,4388775.469999999,4.99559781E8
136,false,[10/80],mutationKemp2,0.0,0,60,4388775.469999999,4.99559781E8
136,false,[10/80],interRaceX,7849649.45,31,100,5173740.414999998,5.06695659E8
138,false,[10/80],mutationKemp5,0.0,0,100,3889245.031999999,4.99559781E8
138,false,[10/80],mutationKemp5,0.0,0,63,3889245.031999999,4.99559781E8
138,false,[10/80],interRaceX,1.320168338E7,34,100,1212957.130000001,5.06695659E8
139,false,[10/80],mutationKemp5,0.0012964930923772045,1,100,3539577.7560000005,4.99559781E8
139,false,[10/80],mutationKemp5,4.933960834543021E-4,1,56,3539577.7560000005,4.99559781E8
139,false,[10/80],interRaceX,1.056145706E7,35,100,1826901.7379999994,5.06695659E8
142,false,[10/80],mutationKemp1,3.542330872733146E-5,1,100,3375448.7089999975,4.99559781E8
142,false,[10/80],mutationKemp1,1.4813383564945648E-4,1,55,3375448.7089999975,4.99559781E8
142,false,[10/80],interRaceX,1.755477844E7,32,100,5130926.552999997,5.06695659E8
143,false,[10/80],mutationGroupSwap,0.027159050655609463,36,100,3332639.7389999987,4.99559781E8
143,false,[10/80],mutationGroupSwap,0.0558907761331253,36,59,3332639.7389999987,4.99559781E8
143,false,[10/80],interRaceX,1.619886956E7,33,100,4952526.694999998,5.06695659E8
144,false,[10/80],mutationSwapCOP,0.0,0,100,3218458.8870000006,4.99559776E8
144,false,[10/80],mutationSwapCOP,0.0,0,77,3218458.8870000006,4.99559626E8
144,false,[10/80],interRaceX,1.54138965E7,40,100,1662525.2629999993,5.06695659E8
145,false,[10/80],mutationSwapCOP,0.0,0,100,3282688.4470000025,4.99559626E8
145,false,[10/80],mutationSwapCOP,0.0,0,66,3282688.4470000025,4.99559626E8
145,false,[10/80],interRaceX,1.441489462E7,39,100,1698285.2980000018,5.06695659E8
146,false,[10/80],mutationSwapCOP,0.0,0,100,3311232.973000002,4.99559626E8
146,false,[10/80],mutationSwapCOP,0.0,0,65,3311232.973000002,4.99559626E8
146,false,[10/80],interRaceX,1.519991456E7,40,100,4831224.429000002,5.06695659E8
147,false,[10/80],mutationSinglePoint,0.0,0,100,3354054.1939999997,4.99559626E8
147,false,[10/80],mutationSinglePoint,0.0,0,74,3354054.1939999997,4.99559626E8
147,false,[10/80],interRaceX,1.51284954E7,43,100,1555320.7660000026,5.06695659E8
148,false,[10/80],interRaceX,1.412951431E7,41,100,1619853.9730000019,5.06695659E8
149,false,[10/80],mutationKemp4,0.0,6,100,3453964.8629999994,4.99559626E8
149,false,[10/80],mutationKemp4,0.0,10,67,3453964.8629999994,4.99559626E8
149,false,[10/80],interRaceX,1.241678068E7,35,100,4695642.931,5.06695659E8
150,false,[10/80],mutationKemp3,3.542330872733146E-5,1,100,3475374.1699999985,4.99559626E8
150,false,[10/80],mutationKemp3,0.0,0,67,3475374.1699999985,4.99559626E8
150,false,[10/80],interRaceX,1.455764987E7,28,100,1491362.4430000007,5.06695659E8
151,false,[10/80],mutationKemp5,0.0,1,100,3389736.8079999983,4.99559626E8
151,false,[10/80],mutationKemp5,0.0,0,64,3389736.8079999983,4.99559626E8
151,false,[10/80],interRaceX,1.648447889E7,32,100,1384415.1029999973,5.06695659E8
152,false,[10/80],mutationKemp2,0.0,2,100,3304100.072000003,4.99559626E8
152,false,[10/80],mutationKemp2,0.0,5,71,3304100.072000003,4.99559626E8
152,false,[10/80],interRaceX,1.869655635E7,36,100,5173755.706999999,5.06695659E8
154,false,[10/80],mutationSwapCOP,0.0,0,100,3247008.645999998,4.99559626E8
154,false,[10/80],mutationSwapCOP,0.0,0,69,3247008.645999998,4.99559489E8
154,false,[10/80],interRaceX,1.384404565E7,41,100,4631413.211000001,5.06695659E8
155,false,[10/80],mutationSwapCOP,0.0,0,100,3346919.7490000012,4.99559489E8
155,false,[10/80],mutationSwapCOP,0.0,0,70,3346919.7490000012,4.99559489E8
155,false,[10/80],interRaceX,1.213135605E7,32,100,3846395.7040000022,5.06695659E8
156,false,[10/80],mutationSwapCOP,0.0,0,100,3404005.199000001,4.99559489E8
156,false,[10/80],mutationSwapCOP,0.0,0,79,3404005.199000001,4.99559489E8
156,false,[10/80],interRaceX,1.605614709E7,34,100,5009619.907999998,5.06695659E8
157,false,[10/80],mutationSwapCOP,0.0,0,100,3339775.818000001,4.99559489E8
157,false,[10/80],mutationSwapCOP,0.0,0,81,3339775.818000001,4.99559489E8
157,false,[10/80],interRaceX,1.455764618E7,34,100,4081886.0360000012,5.06695659E8
158,false,[10/80],mutationSwapCOP,0.0,0,100,3382594.281999999,4.99559489E8
158,false,[10/80],mutationSwapCOP,0.0,0,71,3382594.281999999,4.99559489E8
158,false,[10/80],interRaceX,1.341596153E7,44,100,4010536.035000002,5.06695659E8
159,false,[10/80],mutationSwapCOP,0.0,0,100,3503914.4670000016,4.99559489E8
159,false,[10/80],mutationSwapCOP,0.0,0,75,3503914.4670000016,4.99559489E8
159,false,[10/80],interRaceX,1.298776486E7,39,100,1619854.147000003,5.06695659E8
162,false,[10/80],mutationSwapCOP,0.0,0,100,3518189.4019999984,4.99559489E8
162,false,[10/80],mutationSwapCOP,0.0,0,75,3518189.4019999984,4.99559489E8
162,false,[10/80],interRaceX,1.527115679E7,31,100,1377225.2189999998,5.06695659E8
163,false,[10/80],mutationKemp3,0.0,26,100,3375461.0629999996,4.99559489E8
163,false,[10/80],mutationKemp3,9.660902334824689E-5,59,77,3375461.0629999996,4.99559489E8
163,false,[10/80],interRaceX,1.512862055E7,29,100,1534276.4819999991,5.06695659E8
164,false,[10/80],interRaceX,0.0,0,100,3282687.973000002,4.99559489E8
164,false,[10/80],interRaceX,0.0,0,69,3282687.973000002,4.99559489E8
164,false,[10/80],interRaceX,1.448629178E7,27,100,4731317.150999999,5.06695659E8
165,false,[10/80],mutationKemp5,0.0012964930923772045,12,100,3254142.3439999996,4.99559489E8
165,false,[10/80],mutationKemp5,4.7231078303108615E-5,11,75,3254142.3439999996,4.99559489E8
165,false,[10/80],interRaceX,1.577087051E7,35,100,4831229.394999999,5.06695659E8
166,false,[10/80],interRaceX,1.120374005E7,34,100,3696544.8689999995,5.06695659E8
167,false,[10/80],crossoverKempe,0.0,0,100,3382600.1350000026,4.99559489E8
167,false,[10/80],crossoverKempe,0.0,0,73,3382600.1350000026,4.99559489E8
167,false,[10/80],interRaceX,1.141771173E7,35,100,1898219.8920000016,5.06695659E8
168,false,[10/80],mutationKemp4,0.0,3,100,3432554.632999998,4.99559489E8
168,false,[10/80],mutationKemp4,0.0,3,70,3432554.632999998,4.99559489E8
168,false,[10/80],interRaceX,1.341568138E7,41,100,3346813.970999998,5.06695659E8
169,false,[10/80],mutationKemp2,0.0,1,1000,108321.23596059116,4.99559489E8
169,false,[10/80],mutationKemp2,0.0,1,76,108321.23596059116,4.99559489E8
169,false,[10/80],interRaceX,6030201.911,605,1000,73335.62723510065,5.06695659E8
170,false,[10/80],mutationGroupSwap,0.015230605738644954,243,1000,305784.37411739165,4.99559489E8
170,false,[10/80],mutationGroupSwap,0.08711959579390834,339,391,305784.37411739165,4.99559489E8
170,false,[10/80],interRaceX,2.3028089864E7,424,1000,1033996.5154501633,5.06695659E8
171,false,[10/80],mutationInterRaceXCOP,0.06488558271384681,468,1000,1038064.3434786852,4.99559489E8
171,false,[10/80],mutationInterRaceXCOP,0.13002284658630728,688,734,1038064.3434786852,4.99559489E8
171,false,[10/80],interRaceX,1.661987894E7,321,1000,467296.92380058597,5.06695659E8
174,false,[10/80],mutationKemp2,4.711300035123713E-4,7,1000,1059957.6259288776,4.99559489E8
174,false,[10/80],mutationKemp2,6.339186109227142E-4,3,670,1059957.6259288776,4.99559489E8
174,false,[10/80],interRaceX,1.6434386654E7,312,1000,451257.3425712459,5.06695659E8
175,false,[10/80],interRaceX,0.0,0,1000,1039423.5865818895,4.99559489E8
175,false,[10/80],interRaceX,0.0,0,631,1039423.5865818895,4.99559489E8
175,false,[10/80],interRaceX,1.392253879E7,383,1000,1479692.9204663355,5.06695659E8
176,false,[10/80],crossoverKempe,0.0,0,1000,1055221.9113556028,4.99559489E8
176,false,[10/80],crossoverKempe,0.0,0,612,1055221.9113556028,4.99559489E8
176,false,[10/80],interRaceX,1.3851150217E7,362,1000,537653.1361921802,5.06695659E8
177,false,[10/80],mutationInterRaceXCOP,0.038255756287515395,504,1000,1060642.3544165974,4.99559489E8
177,false,[10/80],mutationInterRaceXCOP,0.05466347856912762,539,600,1060642.3544165974,4.99559489E8
177,false,[10/80],interRaceX,1.285926044E7,372,1000,1241610.5379535004,5.06695659E8
178,false,[10/80],interRaceX,1.2916309535E7,349,1000,1481730.1547614592,5.06695659E8
179,false,[10/80],mutationSinglePoint,0.0,0,1000,1079599.5655606713,4.99559489E8
179,false,[10/80],mutationSinglePoint,0.0,0,609,1079599.5655606713,4.99559489E8
179,false,[10/80],interRaceX,1.2880661863E7,364,1000,1486921.8581361496,5.06695659E8
182,false,[10/80],mutationInterRaceXCOP,0.030029755579103947,517,1000,1084792.9546190908,4.99559489E8
182,false,[10/80],mutationInterRaceXCOP,0.037495720924216734,492,595,1084792.9546190908,4.99559489E8
182,false,[10/80],interRaceX,1.5221278017E7,311,1000,1566132.028942801,5.06695659E8
183,false,[10/80],interRaceX,0.0,0,1000,1058389.30962874,4.99559489E8
183,false,[10/80],interRaceX,0.0,0,573,1058389.30962874,4.99559489E8
183,false,[10/80],interRaceX,1.5991953669E7,309,1000,466832.2399688945,5.06695659E8
184,false,[10/80],mutationKemp3,8.795607509382535E-4,9,1000,1042140.9282967664,4.99559489E8
184,false,[10/80],mutationKemp3,2.201514712569481E-4,4,605,1042140.9282967664,4.99559489E8
184,false,[10/80],interRaceX,1.654854749E7,314,1000,1565451.9486553918,5.06695659E8
185,false,[10/80],mutationSinglePoint,0.0,0,1000,1029277.5441567925,4.99559489E8
185,false,[10/80],mutationSinglePoint,0.0,0,606,1029277.5441567925,4.99559489E8
185,false,[10/80],interRaceX,1.361568951E7,367,1000,1459843.4572169085,5.06695659E8
186,false,[10/80],interRaceX,1.3508669554E7,376,1000,554223.1463023007,5.06695659E8
187,false,[10/80],mutationKemp1,2.189160467532929E-4,10,1000,1060421.0099063362,4.99559489E8
187,false,[10/80],mutationKemp1,9.681964536572578E-4,28,581,1060421.0099063362,4.99559489E8
187,false,[10/80],interRaceX,1.2366848392E7,345,1000,1000140.6736154844,5.06695604E8
188,false,[10/80],mutationKemp2,2.444208289089147E-4,3,1000,1065611.3646328498,4.99559489E8
188,false,[10/80],mutationKemp2,6.285728051738001E-5,3,603,1065611.3646328498,4.99559489E8
188,false,[10/80],interRaceX,1.3722708981E7,352,1000,1499561.525108933,5.06695604E8
191,false,[10/80],mutationGroupSwap,0.023931633014726686,389,1000,1075091.856740681,4.99559489E8
191,false,[10/80],mutationGroupSwap,0.0231397733025785,265,581,1075091.856740681,4.99559489E8
191,false,[10/80],interRaceX,1.2766467945E7,367,1000,1253128.4983650036,5.06695604E8
192,false,[10/80],mutationKemp1,2.929507615917828E-4,3,1000,1078702.719899165,4.99559489E8
192,false,[10/80],mutationKemp1,4.587191029949275E-5,1,556,1078702.719899165,4.99559489E8
192,false,[10/80],interRaceX,1.5235544551E7,311,1